tag,count
专题,71
改革,2712
宪政,713
宪法,413
文革,855
2009-09,171
2009-10,38
2009-11,50
2009-12,46
2010-01,22
2010-02,166
2010-03,70
2010-04,96
2010-05,359
2010-06,492
2010-07,290
2010-08,169
2010-09,850
2010-10,1218
2010-11,1960
2010-12,536
2011-01,843
2011-02,909
2011-03,677
2011-04,689
2011-05,471
2011-06,545
2011-07,765
2011-08,290
2011-09,757
2011-10,1129
2011-11,1047
2011-12,2994
2012-01,1343
2012-02,1561
2012-03,1241
2012-04,1417
2012-05,1318
2012-06,1788
2012-07,3696
2012-08,1431
2012-09,1144
2012-10,825
2012-11,1815
2012-12,1479
2013-01,4239
2013-02,1136
2013-03,1470
2013-04,1817
2013-05,2494
2013-06,1499
2013-07,1560
2013-08,969
2013-09,966
2013-10,834
2013-11,686
2013-12,1060
2014-01,525
2014-02,65
2014-03,512
2014-04,673
2014-05,239
2014-06,424
2014-07,796
2014-08,510
2014-09,1813
2014-10,320
2014-11,288
2014-12,283
2015-01,599
2015-02,351
2015-03,420
2015-04,539
2015-05,260
2015-06,204
2015-07,246
2015-08,226
2015-09,336
2015-10,262
2015-11,197
2015-12,241
2016-01,460
2016-02,200
2016-03,570
2016-04,895
2016-05,651
2016-06,1065
2016-07,606
2016-08,481
2016-09,400
2016-10,32
2016-11,0
2016-12,0
资中筠,104
裴敏欣,24
秦晖,243
许章润,94
郑永年,283
于建嵘,106
何清涟,25
姚新勇,21
斯伟江,90
贺卫方,141
张鸣,245
杨继绳,57
周雪光,6
茅于轼,160
郭于华,55
孙立平,98
杨奎松,177
张千帆,192
陈丹青,54
蔡霞,50
俞可平,81
张伦,4
张博树,9
张维迎,121
向松祚,7
林毅夫,56
李成,30
王绍光,62
吴思,51
郑也夫,30
袁剑,25
